country,latitude,longitude,name,flag
AD,42.546.245,1.601.554,Andorra,ğŸ‡¦ğŸ‡©
AE,23.424.076,53.847.818,United Arab Emirates,ğŸ‡¦ğŸ‡ª
AF,3.393.911,67.709.953,Afghanistan,ğŸ‡¦ğŸ‡«
AG,17.060.816,-61.796.428,Antigua and Barbuda,ğŸ‡¦ğŸ‡¬
AI,18.220.554,-63.068.615,Anguilla,ğŸ‡¦ğŸ‡®
AL,41.153.332,20.168.331,Albania,ğŸ‡¦ğŸ‡±
AM,40.069.099,45.038.189,Armenia,ğŸ‡¦ğŸ‡²
AN,12.226.079,-69.060.087,Netherlands Antilles,ğŸ‡³ğŸ‡±
AO,-11.202.692,17.873.887,Angola,ğŸ‡¦ğŸ‡´
AQ,-75.250.973,-71.389,Antarctica,ğŸ‡¦ğŸ‡¶
AR,-38.416.097,-63.616.672,Argentina,ğŸ‡¦ğŸ‡·
AS,-14.270.972,-170.132.217,American Samoa,ğŸ‡ºğŸ‡¸
AT,47.516.231,14.550.072,Austria,ğŸ‡¦ğŸ‡¹
AU,-25.274.398,133.775.136,Australia,ğŸ‡¦ğŸ‡º
AW,1.252.111,-69.968.338,Aruba,ğŸ‡¦ğŸ‡¼
AZ,40.143.105,47.576.927,Azerbaijan,ğŸ‡¦ğŸ‡¿
BA,43.915.886,17.679.076,Bosnia and Herzegovina,ğŸ‡§ğŸ‡¦
BB,13.193.887,-59.543.198,Barbados,ğŸ‡§ğŸ‡§
BD,23.684.994,90.356.331,Bangladesh,ğŸ‡§ğŸ‡©
BE,50.503.887,4.469.936,Belgium,ğŸ‡§ğŸ‡ª
BF,12.238.333,-1.561.593,Burkina Faso,ğŸ‡§ğŸ‡«
BG,42.733.883,2.548.583,Bulgaria,ğŸ‡§ğŸ‡¬
BH,25.930.414,50.637.772,Bahrain,ğŸ‡§ğŸ‡­
BI,-3.373.056,29.918.886,Burundi,ğŸ‡§ğŸ‡®
BJ,930.769,2.315.834,Benin,ğŸ‡§ğŸ‡¯
BM,32.321.384,-6.475.737,Bermuda,ğŸ‡§ğŸ‡²
BN,4.535.277,114.727.669,Brunei,ğŸ‡§ğŸ‡³
BO,-16.290.154,-63.588.653,Bolivia,ğŸ‡§ğŸ‡¾
BR,-14.235.004,-5.192.528,Brazil,ğŸ‡§ğŸ‡·
BS,2.503.428,-7.739.628,Bahamas,ğŸ‡§ğŸ‡¸
BT,27.514.162,90.433.601,Bhutan,ğŸ‡§ğŸ‡¹
BV,-54.423.199,3.413.194,Bouvet Island,ğŸ‡§ğŸ‡»
BW,-22.328.474,24.684.866,Botswana,ğŸ‡§ğŸ‡¼
BY,53.709.807,27.953.389,Belarus,ğŸ‡§ğŸ‡¾
BZ,17.189.877,-8.849.765,Belize,ğŸ‡§ğŸ‡¿
CA,56.130.366,-106.346.771,Canada,ğŸ‡¨ğŸ‡¦
CC,-12.164.165,96.870.956,Cocos [Keeling] Islands,ğŸ‡¨ğŸ‡¨
CD,-4.038.333,21.758.664,Congo [DRC],ğŸ‡¨ğŸ‡©
CF,6.611.111,20.939.444,Central African Republic,ğŸ‡¨ğŸ‡«
CG,-228.021,15.827.659,Congo [Republic],ğŸ‡¨ğŸ‡¬
CH,46.818.188,8.227.512,Switzerland,ğŸ‡¨ğŸ‡­
CI,7.539.989,-554.708,CÃ´te d'Ivoire,ğŸ‡¨ğŸ‡®
CK,-21.236.736,-159.777.671,Cook Islands,ğŸ‡¨ğŸ‡°
CL,-35.675.147,-71.542.969,Chile,ğŸ‡¨ğŸ‡±
CM,7.369.722,12.354.722,Cameroon,ğŸ‡¨ğŸ‡²
CN,3.586.166,104.195.397,China,ğŸ‡¨ğŸ‡³
CO,4.570.868,-74.297.333,Colombia,ğŸ‡¨ğŸ‡´
CR,9.748.917,-83.753.428,Costa Rica,ğŸ‡¨ğŸ‡·
CU,21.521.757,-77.781.167,Cuba,ğŸ‡¨ğŸ‡º
CV,16.002.082,-24.013.197,Cape Verde,ğŸ‡¨ğŸ‡»
CX,-10.447.525,105.690.449,Christmas Island,ğŸ‡¨ğŸ‡½
CY,35.126.413,33.429.859,Cyprus,ğŸ‡¨ğŸ‡¾
CZ,49.817.492,15.472.962,Czech Republic,ğŸ‡¨ğŸ‡¿
DE,51.165.691,10.451.526,Germany,ğŸ‡©ğŸ‡ª
DJ,11.825.138,42.590.275,Djibouti,ğŸ‡©ğŸ‡¯
DK,5.626.392,9.501.785,Denmark,ğŸ‡©ğŸ‡°
DM,15.414.999,-61.370.976,Dominica,ğŸ‡©ğŸ‡²
DO,18.735.693,-70.162.651,Dominican Republic,ğŸ‡©ğŸ‡´
DZ,28.033.886,1.659.626,Algeria,ğŸ‡©ğŸ‡¿
EC,-1.831.239,-78.183.406,Ecuador,ğŸ‡ªğŸ‡¨
EE,58.595.272,25.013.607,Estonia,ğŸ‡ªğŸ‡ª
EG,26.820.553,30.802.498,Egypt,ğŸ‡ªğŸ‡¬
EH,24.215.527,-12.885.834,Western Sahara,ğŸ‡ªğŸ‡­
ER,15.179.384,39.782.334,Eritrea,ğŸ‡ªğŸ‡·
ES,40.463.667,-374.922,Spain,ğŸ‡ªğŸ‡¸
ET,9.145,40.489.673,Ethiopia,ğŸ‡ªğŸ‡¹
FI,6.192.411,25.748.151,Finland,ğŸ‡«ğŸ‡®
FJ,-16.578.193,179.414.413,Fiji,ğŸ‡«ğŸ‡¯
FK,-51.796.253,-59.523.613,Falkland Islands [Islas Malvinas],ğŸ‡«ğŸ‡°
FM,7.425.554,150.550.812,Micronesia,ğŸ‡«ğŸ‡²
FO,61.892.635,-6.911.806,Faroe Islands,ğŸ‡«ğŸ‡´
FR,46.227.638,2.213.749,France,ğŸ‡«ğŸ‡·
GA,-803.689,11.609.444,Gabon,ğŸ‡¬ğŸ‡¦
GB,55.378.051,-3.435.973,United Kingdom,ğŸ‡¬ğŸ‡§
GD,12.262.776,-61.604.171,Grenada,ğŸ‡¬ğŸ‡©
GE,42.315.407,43.356.892,Georgia,ğŸ‡¬ğŸ‡ª
GF,3.933.889,-53.125.782,French Guiana,ğŸ‡¬ğŸ‡«
GG,49.465.691,-2.585.278,Guernsey,ğŸ‡¬ğŸ‡¬
GH,7.946.527,-1.023.194,Ghana,ğŸ‡¬ğŸ‡­
GI,36.137.741,-5.345.374,Gibraltar,ğŸ‡¬ğŸ‡®
GL,71.706.936,-42.604.303,Greenland,ğŸ‡¬ğŸ‡±
GM,13.443.182,-15.310.139,Gambia,ğŸ‡¬ğŸ‡²
GN,9.945.587,-9.696.645,Guinea,ğŸ‡¬ğŸ‡³
GP,16.995.971,-62.067.641,Guadeloupe,ğŸ‡¬ğŸ‡µ
GQ,1.650.801,10.267.895,Equatorial Guinea,ğŸ‡¬ğŸ‡¶
GR,39.074.208,21.824.312,Greece,ğŸ‡¬ğŸ‡·
GS,-54.429.579,-36.587.909,South Georgia and the South Sandwich Islands,ğŸ‡¬ğŸ‡¸
GT,15.783.471,-90.230.759,Guatemala,ğŸ‡¬ğŸ‡¹
GU,13.444.304,144.793.731,Guam,ğŸ‡¬ğŸ‡º
GW,11.803.749,-15.180.413,Guinea-Bissau,ğŸ‡¬ğŸ‡¼
GY,4.860.416,-5.893.018,Guyana,ğŸ‡¬ğŸ‡¾
GZ,31.354.676,34.308.825,Gaza Strip,ğŸ‡¬ğŸ‡¿
HK,22.396.428,114.109.497,Hong Kong,ğŸ‡­ğŸ‡°
HM,-5.308.181,73.504.158,Heard Island and McDonald Islands,ğŸ‡­ğŸ‡²
HN,15.199.999,-86.241.905,Honduras,ğŸ‡­ğŸ‡³
HR,45.1,15.2,Croatia,ğŸ‡­ğŸ‡·
HT,18.971.187,-72.285.215,Haiti,ğŸ‡­ğŸ‡¹
HU,47.162.494,19.503.304,Hungary,ğŸ‡­ğŸ‡º
ID,-789.275,113.921.327,Indonesia,ğŸ‡®ğŸ‡©
IE,5.341.291,-824.389,Ireland,ğŸ‡®ğŸ‡ª
IL,31.046.051,34.851.612,Israel,ğŸ‡®ğŸ‡±
IM,54.236.107,-4.548.056,Isle of Man,ğŸ‡®ğŸ‡²
IN,20.593.684,7.896.288,India,ğŸ‡®ğŸ‡³
IO,-6.343.194,71.876.519,British Indian Ocean Territory,ğŸ‡®ğŸ‡´
IQ,33.223.191,43.679.291,Iraq,ğŸ‡®ğŸ‡¶
IR,32.427.908,53.688.046,Iran,ğŸ‡®ğŸ‡·
IS,64.963.051,-19.020.835,Iceland,ğŸ‡®ğŸ‡¸
IT,4.187.194,1.256.738,Italy,ğŸ‡®ğŸ‡¹
JE,49.214.439,-213.125,Jersey,ğŸ‡¯ğŸ‡ª
JM,18.109.581,-77.297.508,Jamaica,ğŸ‡¯ğŸ‡²
JO,30.585.164,36.238.414,Jordan,ğŸ‡¯ğŸ‡´
JP,36.204.824,138.252.924,Japan,ğŸ‡¯ğŸ‡µ
KE,-23.559,37.906.193,Kenya,ğŸ‡°ğŸ‡ª
KG,4.120.438,74.766.098,Kyrgyzstan,ğŸ‡°ğŸ‡¬
KH,12.565.679,104.990.963,Cambodia,ğŸ‡°ğŸ‡­
KI,-3.370.417,-168.734.039,Kiribati,ğŸ‡°ğŸ‡®
KM,-11.875.001,43.872.219,Comoros,ğŸ‡°ğŸ‡²
KN,17.357.822,-62.782.998,Saint Kitts and Nevis,ğŸ‡°ğŸ‡³
KP,40.339.852,127.510.093,North Korea,ğŸ‡°ğŸ‡µ
KR,35.907.757,127.766.922,South Korea,ğŸ‡°ğŸ‡·
KW,2.931.166,47.481.766,Kuwait,ğŸ‡°ğŸ‡¼
KY,19.513.469,-80.566.956,Cayman Islands,ğŸ‡°ğŸ‡¾
KZ,48.019.573,66.923.684,Kazakhstan,ğŸ‡°ğŸ‡¿
LA,1.985.627,102.495.496,Laos,ğŸ‡±ğŸ‡¦
LB,33.854.721,35.862.285,Lebanon,ğŸ‡±ğŸ‡§
LC,13.909.444,-60.978.893,Saint Lucia,ğŸ‡±ğŸ‡¨
LI,47.166,9.555.373,Liechtenstein,ğŸ‡±ğŸ‡®
LK,7.873.054,80.771.797,Sri Lanka,ğŸ‡±ğŸ‡°
LR,6.428.055,-9.429.499,Liberia,ğŸ‡±ğŸ‡·
LS,-29.609.988,28.233.608,Lesotho,ğŸ‡±ğŸ‡¸
LT,55.169.438,23.881.275,Lithuania,ğŸ‡±ğŸ‡¹
LU,49.815.273,6.129.583,Luxembourg,ğŸ‡±ğŸ‡º
LV,56.879.635,24.603.189,Latvia,ğŸ‡±ğŸ‡»
LY,263.351,17.228.331,Libya,ğŸ‡±ğŸ‡¾
MA,31.791.702,-709.262,Morocco,ğŸ‡²ğŸ‡¦
MC,43.750.298,7.412.841,Monaco,ğŸ‡²ğŸ‡¨
MD,47.411.631,28.369.885,Moldova,ğŸ‡²ğŸ‡©
ME,42.708.678,1.937.439,Montenegro,ğŸ‡²ğŸ‡ª
MG,-18.766.947,46.869.107,Madagascar,ğŸ‡²ğŸ‡¬
MH,7.131.474,171.184.478,Marshall Islands,ğŸ‡²ğŸ‡­
MK,41.608.635,21.745.275,Macedonia [FYROM],ğŸ‡²ğŸ‡°
ML,17.570.692,-3.996.166,Mali,ğŸ‡²ğŸ‡±
MM,21.913.965,95.956.223,Myanmar [Burma],ğŸ‡²ğŸ‡²
MN,46.862.496,103.846.656,Mongolia,ğŸ‡²ğŸ‡³
MO,22.198.745,113.543.873,Macau,ğŸ‡²ğŸ‡´
MP,1.733.083,14.538.469,Northern Mariana Islands,ğŸ‡²ğŸ‡µ
MQ,14.641.528,-61.024.174,Martinique,ğŸ‡²ğŸ‡¶
MR,2.100.789,-10.940.835,Mauritania,ğŸ‡²ğŸ‡·
MS,16.742.498,-62.187.366,Montserrat,ğŸ‡²ğŸ‡¸
MT,35.937.496,14.375.416,Malta,ğŸ‡²ğŸ‡¹
MU,-20.348.404,57.552.152,Mauritius,ğŸ‡²ğŸ‡º
MV,3.202.778,7.322.068,Maldives,ğŸ‡²ğŸ‡»
MW,-13.254.308,34.301.525,Malawi,ğŸ‡²ğŸ‡¼
MX,23.634.501,-102.552.784,Mexico,ğŸ‡²ğŸ‡½
MY,4.210.484,101.975.766,Malaysia,ğŸ‡²ğŸ‡¾
MZ,-18.665.695,35.529.562,Mozambique,ğŸ‡²ğŸ‡¿
NA,-2.295.764,1.849.041,Namibia,ğŸ‡³ğŸ‡¦
NC,-20.904.305,165.618.042,New Caledonia,ğŸ‡³ğŸ‡¨
NE,17.607.789,8.081.666,Niger,ğŸ‡³ğŸ‡ª
NF,-29.040.835,167.954.712,Norfolk Island,ğŸ‡³ğŸ‡«
NG,9.081.999,8.675.277,Nigeria,ğŸ‡³ğŸ‡¬
NI,12.865.416,-85.207.229,Nicaragua,ğŸ‡³ğŸ‡®
NL,52.132.633,5.291.266,Netherlands,ğŸ‡³ğŸ‡±
NO,60.472.024,8.468.946,Norway,ğŸ‡³ğŸ‡´
NP,28.394.857,84.124.008,Nepal,ğŸ‡³ğŸ‡µ
NR,-522.778,166.931.503,Nauru,ğŸ‡³ğŸ‡·
NU,-19.054.445,-169.867.233,Niue,ğŸ‡³ğŸ‡º
NZ,-40.900.557,174.885.971,New Zealand,ğŸ‡³ğŸ‡¿
OM,21.512.583,55.923.255,Oman,ğŸ‡´ğŸ‡²
PA,8.537.981,-80.782.127,Panama,ğŸ‡µğŸ‡¦
PE,-9.189.967,-75.015.152,Peru,ğŸ‡µğŸ‡ª
PF,-17.679.742,-149.406.843,French Polynesia,ğŸ‡µğŸ‡«
PG,-6.314.993,14.395.555,Papua New Guinea,ğŸ‡µğŸ‡¬
PH,12.879.721,121.774.017,Philippines,ğŸ‡µğŸ‡­
PK,30.375.321,69.345.116,Pakistan,ğŸ‡µğŸ‡°
PL,51.919.438,19.145.136,Poland,ğŸ‡µğŸ‡±
PM,46.941.936,-5.627.111,Saint Pierre and Miquelon,ğŸ‡µğŸ‡²
PN,-24.703.615,-127.439.308,Pitcairn Islands,ğŸ‡µğŸ‡³
PR,18.220.833,-66.590.149,Puerto Rico,ğŸ‡µğŸ‡·
PS,31.952.162,35.233.154,Palestinian Territories,ğŸ‡µğŸ‡¸
PT,39.399.872,-8.224.454,Portugal,ğŸ‡µğŸ‡¹
PW,751.498,13.458.252,Palau,ğŸ‡µğŸ‡¼
PY,-23.442.503,-58.443.832,Paraguay,ğŸ‡µğŸ‡¾
QA,25.354.826,51.183.884,Qatar,ğŸ‡¶ğŸ‡¦
RE,-21.115.141,55.536.384,RÃ©union,ğŸ‡·ğŸ‡ª
RO,45.943.161,2.496.676,Romania,ğŸ‡·ğŸ‡´
RS,44.016.521,21.005.859,Serbia,ğŸ‡·ğŸ‡¸
RU,6.152.401,105.318.756,Russia,ğŸ‡·ğŸ‡º
RW,-1.940.278,29.873.888,Rwanda,ğŸ‡·ğŸ‡¼
SA,23.885.942,45.079.162,Saudi Arabia,ğŸ‡¸ğŸ‡¦
SB,-964.571,160.156.194,Solomon Islands,ğŸ‡¸ğŸ‡§
SC,-4.679.574,55.491.977,Seychelles,ğŸ‡¸ğŸ‡¨
SD,12.862.807,30.217.636,Sudan,ğŸ‡¸ğŸ‡©
SE,60.128.161,18.643.501,Sweden,ğŸ‡¸ğŸ‡ª
SG,1.352.083,103.819.836,Singapore,ğŸ‡¸ğŸ‡¬
SH,-24.143.474,-10.030.696,Saint Helena,ğŸ‡¸ğŸ‡­
SI,46.151.241,14.995.463,Slovenia,ğŸ‡¸ğŸ‡®
SJ,77.553.604,23.670.272,Svalbard and Jan Mayen,ğŸ‡¸ğŸ‡¯
SK,48.669.026,19.699.024,Slovakia,ğŸ‡¸ğŸ‡°
SL,8.460.555,-11.779.889,Sierra Leone,ğŸ‡¸ğŸ‡±
SM,4.394.236,12.457.777,San Marino,ğŸ‡¸ğŸ‡²
SN,14.497.401,-14.452.362,Senegal,ğŸ‡¸ğŸ‡³
SO,5.152.149,46.199.616,Somalia,ğŸ‡¸ğŸ‡´
SR,3.919.305,-56.027.783,Suriname,ğŸ‡¸ğŸ‡·
ST,18.636,6.613.081,SÃ£o TomÃ© and PrÃ­ncipe,ğŸ‡¸ğŸ‡¹
SV,13.794.185,-8.889.653,El Salvador,ğŸ‡¸ğŸ‡»
SY,34.802.075,38.996.815,Syria,ğŸ‡¸ğŸ‡¾
SZ,-26.522.503,31.465.866,Swaziland,ğŸ‡¸ğŸ‡¿
TC,21.694.025,-71.797.928,Turks and Caicos Islands,ğŸ‡¹ğŸ‡¨
TD,15.454.166,18.732.207,Chad,ğŸ‡¹ğŸ‡©
TF,-49.280.366,69.348.557,French Southern Territories,ğŸ‡¹ğŸ‡«
TG,8.619.543,824.782,Togo,ğŸ‡¹ğŸ‡¬
TH,15.870.032,100.992.541,Thailand,ğŸ‡¹ğŸ‡­
TJ,38.861.034,71.276.093,Tajikistan,ğŸ‡¹ğŸ‡¯
TK,-8.967.363,-171.855.881,Tokelau,ğŸ‡¹ğŸ‡°
TL,-8.874.217,125.727.539,Timor-Leste,ğŸ‡¹ğŸ‡±
TM,38.969.719,59.556.278,Turkmenistan,ğŸ‡¹ğŸ‡²
TN,33.886.917,9.537.499,Tunisia,ğŸ‡¹ğŸ‡³
TO,-21.178.986,-175.198.242,Tonga,ğŸ‡¹ğŸ‡´
TR,38.963.745,35.243.322,Turkey,ğŸ‡¹ğŸ‡·
TT,10.691.803,-61.222.503,Trinidad and Tobago,ğŸ‡¹ğŸ‡¹
TV,-7.109.535,17.764.933,Tuvalu,ğŸ‡¹ğŸ‡»
TW,2.369.781,120.960.515,Taiwan,ğŸ‡¹ğŸ‡¼
TZ,-6.369.028,34.888.822,Tanzania,ğŸ‡¹ğŸ‡¿
UA,48.379.433,3.116.558,Ukraine,ğŸ‡ºğŸ‡¦
UG,1.373.333,32.290.275,Uganda,ğŸ‡ºğŸ‡¬
UM,,,U.S. Minor Outlying Islands,ğŸ‡ºğŸ‡²
US,3.709.024,-95.712.891,United States,ğŸ‡ºğŸ‡¸
UY,-32.522.779,-55.765.835,Uruguay,ğŸ‡ºğŸ‡¾
UZ,41.377.491,64.585.262,Uzbekistan,ğŸ‡ºğŸ‡¿
VA,41.902.916,12.453.389,Vatican City,ğŸ‡»ğŸ‡¦
VC,12.984.305,-61.287.228,Saint Vincent and the Grenadines,ğŸ‡»ğŸ‡¨
VE,642.375,-6.658.973,Venezuela,ğŸ‡»ğŸ‡ª
VG,18.420.695,-64.639.968,British Virgin Islands,ğŸ‡»ğŸ‡¬
VI,18.335.765,-64.896.335,U.S. Virgin Islands,ğŸ‡»ğŸ‡®
VN,14.058.324,108.277.199,Vietnam,ğŸ‡»ğŸ‡³
VU,-15.376.706,166.959.158,Vanuatu,ğŸ‡»ğŸ‡º
WF,-13.768.752,-177.156.097,Wallis and Futuna,ğŸ‡¼ğŸ‡«
WS,-13.759.029,-172.104.629,Samoa,ğŸ‡¼ğŸ‡¸
XK,42.602.636,20.902.977,Kosovo,ğŸ‡½ğŸ‡°
YE,15.552.727,48.516.388,Yemen,ğŸ‡¾ğŸ‡ª
YT,-128.275,45.166.244,Mayotte,ğŸ‡¾ğŸ‡¹
ZA,-30.559.482,22.937.506,South Africa,ğŸ‡¿ğŸ‡¦
ZM,-13.133.897,27.849.332,Zambia,ğŸ‡¿ğŸ‡²
ZW,-19.015.438,29.154.857,Zimbabwe,ğŸ‡¿ğŸ‡¼